Variable,Description,Unit,Source,Transformation,Used In
year,TODO,TODO,TODO,TODO,TODO
origin_label,TODO,TODO,TODO,TODO,TODO
origin_isocode,TODO,TODO,TODO,TODO,TODO
origin_code,TODO,TODO,TODO,TODO,TODO
origin_subregion,TODO,TODO,TODO,TODO,TODO
origin_region,TODO,TODO,TODO,TODO,TODO
destination_label,TODO,TODO,TODO,TODO,TODO
destination_isocode,TODO,TODO,TODO,TODO,TODO
destination_code,TODO,TODO,TODO,TODO,TODO
destination_subregion,TODO,TODO,TODO,TODO,TODO
destination_region,TODO,TODO,TODO,TODO,TODO
product_label,TODO,TODO,TODO,TODO,TODO
product_code,TODO,TODO,TODO,TODO,TODO
product_parent_label,TODO,TODO,TODO,TODO,TODO
subregion_trade_category,TODO,TODO,TODO,TODO,TODO
region_trade_category,TODO,TODO,TODO,TODO,TODO
origin_gdp_usd_current,TODO,TODO,TODO,TODO,TODO
origin_population_total,TODO,TODO,TODO,TODO,TODO
destination_gdp_usd_current,TODO,TODO,TODO,TODO,TODO
destination_population_total,TODO,TODO,TODO,TODO,TODO
cepii_dist,TODO,TODO,TODO,TODO,TODO
cepii_contig,TODO,TODO,TODO,TODO,TODO
cepii_comlang_ethno,TODO,TODO,TODO,TODO,TODO
cepii_wto_o,TODO,TODO,TODO,TODO,TODO
cepii_wto_d,TODO,TODO,TODO,TODO,TODO
cepii_eu_o,TODO,TODO,TODO,TODO,TODO
cepii_eu_d,TODO,TODO,TODO,TODO,TODO
cepii_fta_wto,TODO,TODO,TODO,TODO,TODO
cepii_rta_type,TODO,TODO,TODO,TODO,TODO
origin_daily_calorific_food_per_capita,TODO,TODO,TODO,TODO,TODO
origin_production_qty,TODO,TODO,TODO,TODO,TODO
origin_production_kcal_perday,TODO,TODO,TODO,TODO,TODO
destination_daily_calorific_food_per_capita,TODO,TODO,TODO,TODO,TODO
destination_production_kcal_perday,TODO,TODO,TODO,TODO,TODO
destination_production_qty,TODO,TODO,TODO,TODO,TODO
daily_calorific_food_per_capita_unit,TODO,TODO,TODO,TODO,TODO
production_unit,TODO,TODO,TODO,TODO,TODO
lsbci,TODO,TODO,TODO,TODO,TODO
approx_avg_fb_rate_usd,TODO,TODO,TODO,TODO,TODO
bdi_avg_usdprice,TODO,TODO,TODO,TODO,TODO
transport_expenditure_us_value_seamodes,TODO,TODO,TODO,TODO,TODO
transport_work_in_tonkm_value_seamodes,TODO,TODO,TODO,TODO,TODO
transport_work_km_seamodes,TODO,TODO,TODO,TODO,TODO
transport_expend_per_ton_seamodes,TODO,TODO,TODO,TODO,TODO
seamode_transport_cost_intensity_in_us_per_tonkm_value,TODO,TODO,TODO,TODO,TODO
fob_value_seamodes,TODO,TODO,TODO,TODO,TODO
tons_value_allmodes,TODO,TODO,TODO,TODO,TODO
tons_value_seamodes,TODO,TODO,TODO,TODO,TODO
maritime_trade_share,TODO,TODO,TODO,TODO,TODO
cost_intensity_ratio,TODO,TODO,TODO,TODO,TODO
