scenario_id,year,baseline_trade_tons,scenario_trade_tons,scenario_trade_index,delta_trade_pct,baseline_observation_count,scenario_observation_count,aggregation_method,coverage_note
black_sea,2025,68729625.3750921,67421925.0351993,98.09732654185727,-1.9026734581427291,12744,12744,independent_year_sum_ratio,Aggregate of preserved forecast-panel rows; incomplete country identities are retained because country identity is not required for annual summation.
black_sea,2026,68753543.85231817,67442873.75716722,98.0936690362227,-1.9063309637772932,12744,12744,independent_year_sum_ratio,Aggregate of preserved forecast-panel rows; incomplete country identities are retained because country identity is not required for annual summation.
black_sea,2027,68775168.14949508,67461142.77656834,98.08938980698603,-1.9106101930139658,12744,12744,independent_year_sum_ratio,Aggregate of preserved forecast-panel rows; incomplete country identities are retained because country identity is not required for annual summation.
black_sea,2028,68795599.52950214,67478144.1172084,98.08497139162402,-1.9150286083759767,12744,12744,independent_year_sum_ratio,Aggregate of preserved forecast-panel rows; incomplete country identities are retained because country identity is not required for annual summation.
black_sea,2029,68811805.35916531,67491202.16200216,98.08084791516482,-1.9191520848351757,12744,12744,independent_year_sum_ratio,Aggregate of preserved forecast-panel rows; incomplete country identities are retained because country identity is not required for annual summation.
black_sea,2030,68824859.55251631,67500935.18646063,98.07638638906997,-1.9236136109300332,12744,12744,independent_year_sum_ratio,Aggregate of preserved forecast-panel rows; incomplete country identities are retained because country identity is not required for annual summation.
el_nino,2025,68729625.3750921,66994291.587815195,97.47512986167709,-2.5248701383229104,12744,12744,independent_year_sum_ratio,Aggregate of preserved forecast-panel rows; incomplete country identities are retained because country identity is not required for annual summation.
el_nino,2026,68753543.85231817,67013356.0133409,97.46894815674496,-2.5310518432550424,12744,12744,independent_year_sum_ratio,Aggregate of preserved forecast-panel rows; incomplete country identities are retained because country identity is not required for annual summation.
el_nino,2027,68775168.14949508,67030636.84857983,97.46342851954473,-2.5365714804552653,12744,12744,independent_year_sum_ratio,Aggregate of preserved forecast-panel rows; incomplete country identities are retained because country identity is not required for annual summation.
el_nino,2028,68795599.52950214,67048000.05777365,97.45972201175591,-2.5402779882440853,12744,12744,independent_year_sum_ratio,Aggregate of preserved forecast-panel rows; incomplete country identities are retained because country identity is not required for annual summation.
el_nino,2029,68811805.35916531,67064617.44622779,97.4609183644899,-2.539081635510101,12744,12744,independent_year_sum_ratio,Aggregate of preserved forecast-panel rows; incomplete country identities are retained because country identity is not required for annual summation.
el_nino,2030,68824859.55251631,67078911.84753898,97.46320193556646,-2.5367980644335404,12744,12744,independent_year_sum_ratio,Aggregate of preserved forecast-panel rows; incomplete country identities are retained because country identity is not required for annual summation.
eu_ets,2025,68729625.3750921,68502930.18820976,99.67016379669587,-0.3298362033041258,12744,12744,independent_year_sum_ratio,Aggregate of preserved forecast-panel rows; incomplete country identities are retained because country identity is not required for annual summation.
eu_ets,2026,68753543.85231817,68526594.66695262,99.66990910919003,-0.33009089080997,12744,12744,independent_year_sum_ratio,Aggregate of preserved forecast-panel rows; incomplete country identities are retained because country identity is not required for annual summation.
eu_ets,2027,68775168.14949508,68548144.72865732,99.66990495705619,-0.3300950429438103,12744,12744,independent_year_sum_ratio,Aggregate of preserved forecast-panel rows; incomplete country identities are retained because country identity is not required for annual summation.
eu_ets,2028,68795599.52950214,68568544.08917193,99.66995644796607,-0.33004355203392777,12744,12744,independent_year_sum_ratio,Aggregate of preserved forecast-panel rows; incomplete country identities are retained because country identity is not required for annual summation.
eu_ets,2029,68811805.35916531,68584630.06615062,99.66986000174106,-0.330139998258943,12744,12744,independent_year_sum_ratio,Aggregate of preserved forecast-panel rows; incomplete country identities are retained because country identity is not required for annual summation.
eu_ets,2030,68824859.55251631,68597526.64834341,99.66969361702884,-0.330306382971159,12744,12744,independent_year_sum_ratio,Aggregate of preserved forecast-panel rows; incomplete country identities are retained because country identity is not required for annual summation.
