scenario_id,year,product_code,product_label,baseline_trade_tons,scenario_trade_tons,scenario_trade_index,delta_trade_pct,aggregation_method,scope_note
black_sea,2025,1001,Wheat and meslin,15980163.599631937,15491160.482729299,96.93993672934674,-3.0600632706532593,product_ratio_of_sums,Dashboard aggregate product-volume comparison; differs from the historical mean-of-observation index.
black_sea,2025,1002,Rye,570655.8199126458,567468.2182171231,99.44141431940346,-0.5585856805965363,product_ratio_of_sums,Dashboard aggregate product-volume comparison; differs from the historical mean-of-observation index.
black_sea,2025,1003,Barley,5667205.911285792,5630581.094686496,99.35374120558492,-0.6462587944150755,product_ratio_of_sums,Dashboard aggregate product-volume comparison; differs from the historical mean-of-observation index.
black_sea,2025,1004,Oats,770999.5595813304,767998.3045883487,99.61073194456668,-0.38926805543331966,product_ratio_of_sums,Dashboard aggregate product-volume comparison; differs from the historical mean-of-observation index.
black_sea,2025,1005,Maize (corn),36221470.85572434,35446483.924291424,97.86042114490654,-2.139578855093461,product_ratio_of_sums,Dashboard aggregate product-volume comparison; differs from the historical mean-of-observation index.
black_sea,2025,1006,Rice,8183859.1857478265,8184490.488182755,100.00771399434669,0.007713994346687514,product_ratio_of_sums,Dashboard aggregate product-volume comparison; differs from the historical mean-of-observation index.
black_sea,2025,1007,Grain sorghum,922529.2986237913,922501.3914847911,99.99697493195697,-0.0030250680430299326,product_ratio_of_sums,Dashboard aggregate product-volume comparison; differs from the historical mean-of-observation index.
black_sea,2025,1008,"Buckwheat, millet and canary seeds; other cereals",412741.1445844448,411241.1310190701,99.63657280475758,-0.36342719524242284,product_ratio_of_sums,Dashboard aggregate product-volume comparison; differs from the historical mean-of-observation index.
black_sea,2026,1001,Wheat and meslin,16009462.117324486,15518901.336572222,96.93580722976691,-3.064192770233092,product_ratio_of_sums,Dashboard aggregate product-volume comparison; differs from the historical mean-of-observation index.
black_sea,2026,1002,Rye,571226.867339768,568032.340747996,99.44076044485634,-0.5592395551436624,product_ratio_of_sums,Dashboard aggregate product-volume comparison; differs from the historical mean-of-observation index.
black_sea,2026,1003,Barley,5658022.870169795,5621417.589761487,99.35303760256436,-0.6469623974356438,product_ratio_of_sums,Dashboard aggregate product-volume comparison; differs from the historical mean-of-observation index.
black_sea,2026,1004,Oats,770743.5517382079,767748.2648987995,99.61137698360845,-0.3886230163915485,product_ratio_of_sums,Dashboard aggregate product-volume comparison; differs from the historical mean-of-observation index.
black_sea,2026,1005,Maize (corn),36226329.805650674,35449914.90179576,97.85676631328573,-2.143233686714268,product_ratio_of_sums,Dashboard aggregate product-volume comparison; differs from the historical mean-of-observation index.
black_sea,2026,1006,Rice,8181269.187807037,8181902.133864209,100.00773652648071,0.007736526480712769,product_ratio_of_sums,Dashboard aggregate product-volume comparison; differs from the historical mean-of-observation index.
black_sea,2026,1007,Grain sorghum,922739.8719046502,922711.6533172748,99.99694186972573,-0.003058130274268933,product_ratio_of_sums,Dashboard aggregate product-volume comparison; differs from the historical mean-of-observation index.
black_sea,2026,1008,"Buckwheat, millet and canary seeds; other cereals",413749.580383541,412245.53620946227,99.63648442309368,-0.3635155769063232,product_ratio_of_sums,Dashboard aggregate product-volume comparison; differs from the historical mean-of-observation index.
black_sea,2027,1001,Wheat and meslin,16038217.82336784,15546166.743533175,96.93200899717336,-3.067991002826645,product_ratio_of_sums,Dashboard aggregate product-volume comparison; differs from the historical mean-of-observation index.
black_sea,2027,1002,Rye,571788.3000387744,568588.3286884447,99.44035732278665,-0.5596426772133469,product_ratio_of_sums,Dashboard aggregate product-volume comparison; differs from the historical mean-of-observation index.
black_sea,2027,1003,Barley,5648597.342722239,5612027.974525319,99.35259382147258,-0.6474061785274188,product_ratio_of_sums,Dashboard aggregate product-volume comparison; differs from the historical mean-of-observation index.
black_sea,2027,1004,Oats,770484.8116184119,767496.9210749394,99.61220643179242,-0.38779356820758437,product_ratio_of_sums,Dashboard aggregate product-volume comparison; differs from the historical mean-of-observation index.
black_sea,2027,1005,Maize (corn),36229890.52289691,35451575.67685618,97.85173282389898,-2.1482671761010153,product_ratio_of_sums,Dashboard aggregate product-volume comparison; differs from the historical mean-of-observation index.
black_sea,2027,1006,Rice,8178491.57449564,8179126.900916536,100.00776825916013,0.007768259160130242,product_ratio_of_sums,Dashboard aggregate product-volume comparison; differs from the historical mean-of-observation index.
black_sea,2027,1007,Grain sorghum,922938.3943237206,922909.2950631689,99.99684710694335,-0.003152893056650896,product_ratio_of_sums,Dashboard aggregate product-volume comparison; differs from the historical mean-of-observation index.
black_sea,2027,1008,"Buckwheat, millet and canary seeds; other cereals",414759.38003155135,413250.9359105677,99.63630861805491,-0.3636913819450882,product_ratio_of_sums,Dashboard aggregate product-volume comparison; differs from the historical mean-of-observation index.
black_sea,2028,1001,Wheat and meslin,16066472.326777967,15572774.75845662,96.92715638952987,-3.07284361047013,product_ratio_of_sums,Dashboard aggregate product-volume comparison; differs from the historical mean-of-observation index.
black_sea,2028,1002,Rye,572265.9559995073,569059.0956535317,99.43962063226797,-0.5603793677320255,product_ratio_of_sums,Dashboard aggregate product-volume comparison; differs from the historical mean-of-observation index.
black_sea,2028,1003,Barley,5638977.43801757,5602409.987742184,99.35152338030558,-0.6484766196944207,product_ratio_of_sums,Dashboard aggregate product-volume comparison; differs from the historical mean-of-observation index.
black_sea,2028,1004,Oats,770222.3392116857,767242.064864365,99.6130631123513,-0.3869368876487016,product_ratio_of_sums,Dashboard aggregate product-volume comparison; differs from the historical mean-of-observation index.
black_sea,2028,1005,Maize (corn),36233133.03206799,35453024.38431929,97.84697435063573,-2.1530256493642668,product_ratio_of_sums,Dashboard aggregate product-volume comparison; differs from the historical mean-of-observation index.
black_sea,2028,1006,Rice,8175616.566976768,8176264.25068484,100.00792213899423,0.007922138994231886,product_ratio_of_sums,Dashboard aggregate product-volume comparison; differs from the historical mean-of-observation index.
black_sea,2028,1007,Grain sorghum,923143.2894122768,923113.9703288549,99.99682399430748,-0.0031760056925236313,product_ratio_of_sums,Dashboard aggregate product-volume comparison; differs from the historical mean-of-observation index.
black_sea,2028,1008,"Buckwheat, millet and canary seeds; other cereals",415768.581038374,414255.60515871906,99.6361014399221,-0.36389856007789945,product_ratio_of_sums,Dashboard aggregate product-volume comparison; differs from the historical mean-of-observation index.
black_sea,2029,1001,Wheat and meslin,16094304.626223946,15599077.417523371,96.92296610383741,-3.0770338961625896,product_ratio_of_sums,Dashboard aggregate product-volume comparison; differs from the historical mean-of-observation index.
black_sea,2029,1002,Rye,572740.9947253199,569527.408653222,99.43891111310461,-0.5610888868953907,product_ratio_of_sums,Dashboard aggregate product-volume comparison; differs from the historical mean-of-observation index.
black_sea,2029,1003,Barley,5629159.559431786,5592678.226987694,99.35192221753661,-0.648077782463389,product_ratio_of_sums,Dashboard aggregate product-volume comparison; differs from the historical mean-of-observation index.
black_sea,2029,1004,Oats,769962.3945567365,766992.3834724674,99.61426543617381,-0.3857345638261904,product_ratio_of_sums,Dashboard aggregate product-volume comparison; differs from the historical mean-of-observation index.
black_sea,2029,1005,Maize (corn),36232965.26142827,35451087.91461297,97.84208291765829,-2.1579170823417115,product_ratio_of_sums,Dashboard aggregate product-volume comparison; differs from the historical mean-of-observation index.
black_sea,2029,1006,Rice,8172543.918112121,8173256.486718311,100.00871905508653,0.008719055086530147,product_ratio_of_sums,Dashboard aggregate product-volume comparison; differs from the historical mean-of-observation index.
black_sea,2029,1007,Grain sorghum,923352.1268068954,923323.622921955,99.9969129994817,-0.0030870005183061267,product_ratio_of_sums,Dashboard aggregate product-volume comparison; differs from the historical mean-of-observation index.
black_sea,2029,1008,"Buckwheat, millet and canary seeds; other cereals",416776.4778802378,415258.70111216395,99.63582955165958,-0.3641704483404169,product_ratio_of_sums,Dashboard aggregate product-volume comparison; differs from the historical mean-of-observation index.
black_sea,2030,1001,Wheat and meslin,16121304.988620974,15624525.791993203,96.918492659382,-3.0815073406180034,product_ratio_of_sums,Dashboard aggregate product-volume comparison; differs from the historical mean-of-observation index.
black_sea,2030,1002,Rye,573218.4795593933,569998.2481268755,99.4382191873868,-0.5617808126131933,product_ratio_of_sums,Dashboard aggregate product-volume comparison; differs from the historical mean-of-observation index.
black_sea,2030,1003,Barley,5619283.536869653,5582916.660890441,99.35282005720839,-0.6471799427916096,product_ratio_of_sums,Dashboard aggregate product-volume comparison; differs from the historical mean-of-observation index.
black_sea,2030,1004,Oats,769700.4065366474,766740.5047645589,99.61544754985815,-0.3845524501418538,product_ratio_of_sums,Dashboard aggregate product-volume comparison; differs from the historical mean-of-observation index.
black_sea,2030,1005,Maize (corn),36231839.956742994,35448014.60886327,97.83663940662267,-2.163360593377334,product_ratio_of_sums,Dashboard aggregate product-volume comparison; differs from the historical mean-of-observation index.
black_sea,2030,1006,Rice,8168197.430935526,8168958.805317255,100.00932120444158,0.00932120444157647,product_ratio_of_sums,Dashboard aggregate product-volume comparison; differs from the historical mean-of-observation index.
black_sea,2030,1007,Grain sorghum,923538.4742895074,923522.3442579772,99.99825345321509,-0.0017465467849149263,product_ratio_of_sums,Dashboard aggregate product-volume comparison; differs from the historical mean-of-observation index.
black_sea,2030,1008,"Buckwheat, millet and canary seeds; other cereals",417776.27896161063,416258.22224703943,99.63663405726521,-0.36336594273478795,product_ratio_of_sums,Dashboard aggregate product-volume comparison; differs from the historical mean-of-observation index.
el_nino,2025,1001,Wheat and meslin,15980163.599631937,15696972.0587939,98.22785580965792,-1.7721441903420754,product_ratio_of_sums,Dashboard aggregate product-volume comparison; differs from the historical mean-of-observation index.
el_nino,2025,1002,Rye,570655.8199126458,570689.282994588,100.00586396927439,0.0058639692743867045,product_ratio_of_sums,Dashboard aggregate product-volume comparison; differs from the historical mean-of-observation index.
el_nino,2025,1003,Barley,5667205.911285792,5641431.455314668,99.54519993847771,-0.4548000615222918,product_ratio_of_sums,Dashboard aggregate product-volume comparison; differs from the historical mean-of-observation index.
el_nino,2025,1004,Oats,770999.5595813304,764307.6883933647,99.13205252781214,-0.8679474721878648,product_ratio_of_sums,Dashboard aggregate product-volume comparison; differs from the historical mean-of-observation index.
el_nino,2025,1005,Maize (corn),36221470.85572434,34809942.95287384,96.10306299135992,-3.89693700864008,product_ratio_of_sums,Dashboard aggregate product-volume comparison; differs from the historical mean-of-observation index.
el_nino,2025,1006,Rice,8183859.1857478265,8182334.133240572,99.98136511793959,-0.018634882060410973,product_ratio_of_sums,Dashboard aggregate product-volume comparison; differs from the historical mean-of-observation index.
el_nino,2025,1007,Grain sorghum,922529.2986237913,917545.4938727621,99.45976732029389,-0.5402326797061079,product_ratio_of_sums,Dashboard aggregate product-volume comparison; differs from the historical mean-of-observation index.
el_nino,2025,1008,"Buckwheat, millet and canary seeds; other cereals",412741.1445844448,411068.5223314971,99.59475272216154,-0.4052472778384555,product_ratio_of_sums,Dashboard aggregate product-volume comparison; differs from the historical mean-of-observation index.
el_nino,2026,1001,Wheat and meslin,16009462.117324486,15724700.732336368,98.22129323957758,-1.7787067604224234,product_ratio_of_sums,Dashboard aggregate product-volume comparison; differs from the historical mean-of-observation index.
el_nino,2026,1002,Rye,571226.867339768,571260.0851960653,100.00581517750591,0.005815177505908764,product_ratio_of_sums,Dashboard aggregate product-volume comparison; differs from the historical mean-of-observation index.
el_nino,2026,1003,Barley,5658022.870169795,5632202.247220986,99.5436458363408,-0.45635416365919923,product_ratio_of_sums,Dashboard aggregate product-volume comparison; differs from the historical mean-of-observation index.
el_nino,2026,1004,Oats,770743.5517382079,764050.5642586782,99.1316193999372,-0.8683806000628067,product_ratio_of_sums,Dashboard aggregate product-volume comparison; differs from the historical mean-of-observation index.
el_nino,2026,1005,Maize (corn),36226329.805650674,34811556.71634385,96.09462759021714,-3.9053724097828564,product_ratio_of_sums,Dashboard aggregate product-volume comparison; differs from the historical mean-of-observation index.
el_nino,2026,1006,Rice,8181269.187807037,8179749.311694855,99.98142248986933,-0.018577510130668884,product_ratio_of_sums,Dashboard aggregate product-volume comparison; differs from the historical mean-of-observation index.
el_nino,2026,1007,Grain sorghum,922739.8719046502,917764.9505497575,99.46085332319889,-0.53914667680111,product_ratio_of_sums,Dashboard aggregate product-volume comparison; differs from the historical mean-of-observation index.
el_nino,2026,1008,"Buckwheat, millet and canary seeds; other cereals",413749.580383541,412071.4057403425,99.59439846642434,-0.40560153357566264,product_ratio_of_sums,Dashboard aggregate product-volume comparison; differs from the historical mean-of-observation index.
el_nino,2027,1001,Wheat and meslin,16038217.82336784,15752284.767409297,98.21717687646107,-1.7828231235389325,product_ratio_of_sums,Dashboard aggregate product-volume comparison; differs from the historical mean-of-observation index.
el_nino,2027,1002,Rye,571788.3000387744,571822.3393761764,100.00595313639676,0.005953136396755099,product_ratio_of_sums,Dashboard aggregate product-volume comparison; differs from the historical mean-of-observation index.
el_nino,2027,1003,Barley,5648597.342722239,5622774.522677297,99.54284544501631,-0.4571545549836884,product_ratio_of_sums,Dashboard aggregate product-volume comparison; differs from the historical mean-of-observation index.
el_nino,2027,1004,Oats,770484.8116184119,763791.6090585269,99.13129987003562,-0.8687001299643811,product_ratio_of_sums,Dashboard aggregate product-volume comparison; differs from the historical mean-of-observation index.
el_nino,2027,1005,Maize (corn),36229890.52289691,34811939.67137133,96.08624030859423,-3.9137596914057724,product_ratio_of_sums,Dashboard aggregate product-volume comparison; differs from the historical mean-of-observation index.
el_nino,2027,1006,Rice,8178491.57449564,8176976.164444618,99.98147078789263,-0.018529212107367243,product_ratio_of_sums,Dashboard aggregate product-volume comparison; differs from the historical mean-of-observation index.
el_nino,2027,1007,Grain sorghum,922938.3943237206,917972.1445820931,99.46190885847082,-0.5380911415291791,product_ratio_of_sums,Dashboard aggregate product-volume comparison; differs from the historical mean-of-observation index.
el_nino,2027,1008,"Buckwheat, millet and canary seeds; other cereals",414759.38003155135,413075.6296604868,99.59404164146054,-0.4059583585394648,product_ratio_of_sums,Dashboard aggregate product-volume comparison; differs from the historical mean-of-observation index.
el_nino,2028,1001,Wheat and meslin,16066472.326777967,15779691.288314916,98.21503418653346,-1.7849658134665418,product_ratio_of_sums,Dashboard aggregate product-volume comparison; differs from the historical mean-of-observation index.
el_nino,2028,1002,Rye,572265.9559995073,572299.8943678213,100.00593052372908,0.005930523729077208,product_ratio_of_sums,Dashboard aggregate product-volume comparison; differs from the historical mean-of-observation index.
el_nino,2028,1003,Barley,5638977.43801757,5613279.71046036,99.54428390892366,-0.45571609107634004,product_ratio_of_sums,Dashboard aggregate product-volume comparison; differs from the historical mean-of-observation index.
el_nino,2028,1004,Oats,770222.3392116857,763529.1903181338,99.13101080651566,-0.8689891934843388,product_ratio_of_sums,Dashboard aggregate product-volume comparison; differs from the historical mean-of-observation index.
el_nino,2028,1005,Maize (corn),36233133.03206799,34812826.924853094,96.08009026998063,-3.91990973001937,product_ratio_of_sums,Dashboard aggregate product-volume comparison; differs from the historical mean-of-observation index.
el_nino,2028,1006,Rice,8175616.566976768,8174107.871447495,99.98154640060584,-0.01845359939416369,product_ratio_of_sums,Dashboard aggregate product-volume comparison; differs from the historical mean-of-observation index.
el_nino,2028,1007,Grain sorghum,923143.2894122768,918185.9954726859,99.46299843193931,-0.5370015680606883,product_ratio_of_sums,Dashboard aggregate product-volume comparison; differs from the historical mean-of-observation index.
el_nino,2028,1008,"Buckwheat, millet and canary seeds; other cereals",415768.581038374,414079.18253914826,99.59366855114293,-0.40633144885707395,product_ratio_of_sums,Dashboard aggregate product-volume comparison; differs from the historical mean-of-observation index.
el_nino,2029,1001,Wheat and meslin,16094304.626223946,15806805.864447424,98.21366148800195,-1.7863385119980535,product_ratio_of_sums,Dashboard aggregate product-volume comparison; differs from the historical mean-of-observation index.
el_nino,2029,1002,Rye,572740.9947253199,572774.9141340392,100.00592229455053,0.0059222945505297275,product_ratio_of_sums,Dashboard aggregate product-volume comparison; differs from the historical mean-of-observation index.
el_nino,2029,1003,Barley,5629159.559431786,5603698.342166197,99.5476906099965,-0.45230939000350645,product_ratio_of_sums,Dashboard aggregate product-volume comparison; differs from the historical mean-of-observation index.
el_nino,2029,1004,Oats,769962.3945567365,763269.4065802225,99.13073832906255,-0.8692616709374477,product_ratio_of_sums,Dashboard aggregate product-volume comparison; differs from the historical mean-of-observation index.
el_nino,2029,1005,Maize (corn),36232965.26142827,34813504.12084604,96.08240415781452,-3.9175958421854773,product_ratio_of_sums,Dashboard aggregate product-volume comparison; differs from the historical mean-of-observation index.
el_nino,2029,1006,Rice,8172543.918112121,8171079.612464104,99.98208262124145,-0.017917378758554037,product_ratio_of_sums,Dashboard aggregate product-volume comparison; differs from the historical mean-of-observation index.
el_nino,2029,1007,Grain sorghum,923352.1268068954,918405.1882359526,99.46424138448134,-0.5357586155186596,product_ratio_of_sums,Dashboard aggregate product-volume comparison; differs from the historical mean-of-observation index.
el_nino,2029,1008,"Buckwheat, millet and canary seeds; other cereals",416776.4778802378,415079.99735380535,99.59295194991309,-0.4070480500869138,product_ratio_of_sums,Dashboard aggregate product-volume comparison; differs from the historical mean-of-observation index.
el_nino,2030,1001,Wheat and meslin,16121304.988620974,15833901.013040442,98.21724124825259,-1.7827587517474086,product_ratio_of_sums,Dashboard aggregate product-volume comparison; differs from the historical mean-of-observation index.
el_nino,2030,1002,Rye,573218.4795593933,573252.4136358196,100.0059199201764,0.005919920176395976,product_ratio_of_sums,Dashboard aggregate product-volume comparison; differs from the historical mean-of-observation index.
el_nino,2030,1003,Barley,5619283.536869653,5594058.701724134,99.5511022894643,-0.4488977105357037,product_ratio_of_sums,Dashboard aggregate product-volume comparison; differs from the historical mean-of-observation index.
el_nino,2030,1004,Oats,769700.4065366474,763006.6316777158,99.13034022041758,-0.8696597795824204,product_ratio_of_sums,Dashboard aggregate product-volume comparison; differs from the historical mean-of-observation index.
el_nino,2030,1005,Maize (corn),36231839.956742994,34813238.88801614,96.08465628458143,-3.9153437154185724,product_ratio_of_sums,Dashboard aggregate product-volume comparison; differs from the historical mean-of-observation index.
el_nino,2030,1006,Rice,8168197.430935526,8166767.308037881,99.98249157283797,-0.01750842716202783,product_ratio_of_sums,Dashboard aggregate product-volume comparison; differs from the historical mean-of-observation index.
el_nino,2030,1007,Grain sorghum,923538.4742895074,918612.4901201769,99.46661841315057,-0.5333815868494298,product_ratio_of_sums,Dashboard aggregate product-volume comparison; differs from the historical mean-of-observation index.
el_nino,2030,1008,"Buckwheat, millet and canary seeds; other cereals",417776.27896161063,416074.40128666535,99.5926342014498,-0.4073657985502024,product_ratio_of_sums,Dashboard aggregate product-volume comparison; differs from the historical mean-of-observation index.
eu_ets,2025,1001,Wheat and meslin,15980163.599631937,15947471.117360417,99.79541835058389,-0.204581649416113,product_ratio_of_sums,Dashboard aggregate product-volume comparison; differs from the historical mean-of-observation index.
eu_ets,2025,1002,Rye,570655.8199126458,569761.7399873056,99.84332413792309,-0.1566758620769093,product_ratio_of_sums,Dashboard aggregate product-volume comparison; differs from the historical mean-of-observation index.
eu_ets,2025,1003,Barley,5667205.911285792,5643763.357457373,99.58634723715025,-0.4136527628497504,product_ratio_of_sums,Dashboard aggregate product-volume comparison; differs from the historical mean-of-observation index.
eu_ets,2025,1004,Oats,770999.5595813304,762318.5243652608,98.87405445201765,-1.1259455479823544,product_ratio_of_sums,Dashboard aggregate product-volume comparison; differs from the historical mean-of-observation index.
eu_ets,2025,1005,Maize (corn),36221470.85572434,36072705.02877699,99.58928827727645,-0.4107117227235477,product_ratio_of_sums,Dashboard aggregate product-volume comparison; differs from the historical mean-of-observation index.
eu_ets,2025,1006,Rice,8183859.1857478265,8178851.547544911,99.93881079709148,-0.06118920290852259,product_ratio_of_sums,Dashboard aggregate product-volume comparison; differs from the historical mean-of-observation index.
eu_ets,2025,1007,Grain sorghum,922529.2986237913,917550.9212578967,99.46035563604092,-0.5396443639590842,product_ratio_of_sums,Dashboard aggregate product-volume comparison; differs from the historical mean-of-observation index.
eu_ets,2025,1008,"Buckwheat, millet and canary seeds; other cereals",412741.1445844448,410507.9514596055,99.45893615062589,-0.5410638493741118,product_ratio_of_sums,Dashboard aggregate product-volume comparison; differs from the historical mean-of-observation index.
eu_ets,2026,1001,Wheat and meslin,16009462.117324486,15976965.486880204,99.79701610081506,-0.20298389918494308,product_ratio_of_sums,Dashboard aggregate product-volume comparison; differs from the historical mean-of-observation index.
eu_ets,2026,1002,Rye,571226.867339768,570345.9514014772,99.84578527575336,-0.15421472424664273,product_ratio_of_sums,Dashboard aggregate product-volume comparison; differs from the historical mean-of-observation index.
eu_ets,2026,1003,Barley,5658022.870169795,5634642.048643502,99.58676693143887,-0.4132330685611265,product_ratio_of_sums,Dashboard aggregate product-volume comparison; differs from the historical mean-of-observation index.
eu_ets,2026,1004,Oats,770743.5517382079,762145.229283202,98.88441201543435,-1.11558798456565,product_ratio_of_sums,Dashboard aggregate product-volume comparison; differs from the historical mean-of-observation index.
eu_ets,2026,1005,Maize (corn),36226329.805650674,36076921.458485134,99.587569737351,-0.4124302626489964,product_ratio_of_sums,Dashboard aggregate product-volume comparison; differs from the historical mean-of-observation index.
eu_ets,2026,1006,Rice,8181269.187807037,8176274.394899361,99.93894843461307,-0.06105156538693279,product_ratio_of_sums,Dashboard aggregate product-volume comparison; differs from the historical mean-of-observation index.
eu_ets,2026,1007,Grain sorghum,922739.8719046502,917760.8222401805,99.46040592629943,-0.5395940737005702,product_ratio_of_sums,Dashboard aggregate product-volume comparison; differs from the historical mean-of-observation index.
eu_ets,2026,1008,"Buckwheat, millet and canary seeds; other cereals",413749.580383541,411539.2751195641,99.46578670558941,-0.5342132944105913,product_ratio_of_sums,Dashboard aggregate product-volume comparison; differs from the historical mean-of-observation index.
eu_ets,2027,1001,Wheat and meslin,16038217.82336784,16005971.403335666,99.79894012921318,-0.2010598707868212,product_ratio_of_sums,Dashboard aggregate product-volume comparison; differs from the historical mean-of-observation index.
eu_ets,2027,1002,Rye,571788.3000387744,570920.2719671378,99.84819065525166,-0.15180934474834373,product_ratio_of_sums,Dashboard aggregate product-volume comparison; differs from the historical mean-of-observation index.
eu_ets,2027,1003,Barley,5648597.342722239,5625386.101644864,99.58907955959579,-0.4109204404042117,product_ratio_of_sums,Dashboard aggregate product-volume comparison; differs from the historical mean-of-observation index.
eu_ets,2027,1004,Oats,770484.8116184119,761965.235440216,98.8942577387995,-1.1057422612005041,product_ratio_of_sums,Dashboard aggregate product-volume comparison; differs from the historical mean-of-observation index.
eu_ets,2027,1005,Maize (corn),36229890.52289691,36079872.999137595,99.58592885158043,-0.41407114841956627,product_ratio_of_sums,Dashboard aggregate product-volume comparison; differs from the historical mean-of-observation index.
eu_ets,2027,1006,Rice,8178491.57449564,8173500.113716934,99.93896844261268,-0.06103155738732369,product_ratio_of_sums,Dashboard aggregate product-volume comparison; differs from the historical mean-of-observation index.
eu_ets,2027,1007,Grain sorghum,922938.3943237206,917955.973247147,99.46015670090046,-0.5398432990995445,product_ratio_of_sums,Dashboard aggregate product-volume comparison; differs from the historical mean-of-observation index.
eu_ets,2027,1008,"Buckwheat, millet and canary seeds; other cereals",414759.38003155135,412572.63016775495,99.47276662829663,-0.5272333717033746,product_ratio_of_sums,Dashboard aggregate product-volume comparison; differs from the historical mean-of-observation index.
eu_ets,2028,1001,Wheat and meslin,16066472.326777967,16034440.135643512,99.80062710417727,-0.19937289582273365,product_ratio_of_sums,Dashboard aggregate product-volume comparison; differs from the historical mean-of-observation index.
eu_ets,2028,1002,Rye,572265.9559995073,571410.964726698,99.8505954680956,-0.14940453190439484,product_ratio_of_sums,Dashboard aggregate product-volume comparison; differs from the historical mean-of-observation index.
eu_ets,2028,1003,Barley,5638977.43801757,5615964.325103661,99.59189209095328,-0.4081079090467199,product_ratio_of_sums,Dashboard aggregate product-volume comparison; differs from the historical mean-of-observation index.
eu_ets,2028,1004,Oats,770222.3392116857,761782.1921147406,98.90419341698353,-1.0958065830164685,product_ratio_of_sums,Dashboard aggregate product-volume comparison; differs from the historical mean-of-observation index.
eu_ets,2028,1005,Maize (corn),36233133.03206799,36082558.29816956,99.58442805990538,-0.4155719400946225,product_ratio_of_sums,Dashboard aggregate product-volume comparison; differs from the historical mean-of-observation index.
eu_ets,2028,1006,Rice,8175616.566976768,8170626.452013967,99.93896344181603,-0.06103655818397158,product_ratio_of_sums,Dashboard aggregate product-volume comparison; differs from the historical mean-of-observation index.
eu_ets,2028,1007,Grain sorghum,923143.2894122768,918155.1411604738,99.4596561217513,-0.5403438782487058,product_ratio_of_sums,Dashboard aggregate product-volume comparison; differs from the historical mean-of-observation index.
eu_ets,2028,1008,"Buckwheat, millet and canary seeds; other cereals",415768.581038374,413606.5802393104,99.47999899519488,-0.520001004805124,product_ratio_of_sums,Dashboard aggregate product-volume comparison; differs from the historical mean-of-observation index.
eu_ets,2029,1001,Wheat and meslin,16094304.626223946,16062165.297368612,99.8003061977405,-0.19969380225950317,product_ratio_of_sums,Dashboard aggregate product-volume comparison; differs from the historical mean-of-observation index.
eu_ets,2029,1002,Rye,572740.9947253199,571892.9120949475,99.8519256281316,-0.1480743718684039,product_ratio_of_sums,Dashboard aggregate product-volume comparison; differs from the historical mean-of-observation index.
eu_ets,2029,1003,Barley,5629159.559431786,5606365.319896683,99.59506851254714,-0.40493148745285623,product_ratio_of_sums,Dashboard aggregate product-volume comparison; differs from the historical mean-of-observation index.
eu_ets,2029,1004,Oats,769962.3945567365,761601.5336240414,98.91412087242152,-1.0858791275784796,product_ratio_of_sums,Dashboard aggregate product-volume comparison; differs from the historical mean-of-observation index.
eu_ets,2029,1005,Maize (corn),36232965.26142827,36082063.88265084,99.58352462270575,-0.41647537729424755,product_ratio_of_sums,Dashboard aggregate product-volume comparison; differs from the historical mean-of-observation index.
eu_ets,2029,1006,Rice,8172543.918112121,8167548.092475001,99.93887061743348,-0.06112938256652001,product_ratio_of_sums,Dashboard aggregate product-volume comparison; differs from the historical mean-of-observation index.
eu_ets,2029,1007,Grain sorghum,923352.1268068954,918357.7406617212,99.4591027626215,-0.5408972373785019,product_ratio_of_sums,Dashboard aggregate product-volume comparison; differs from the historical mean-of-observation index.
eu_ets,2029,1008,"Buckwheat, millet and canary seeds; other cereals",416776.4778802378,414635.2873787814,99.48624967696195,-0.5137503230380531,product_ratio_of_sums,Dashboard aggregate product-volume comparison; differs from the historical mean-of-observation index.
eu_ets,2030,1001,Wheat and meslin,16121304.988620974,16089035.200130975,99.79983141245218,-0.20016858754782163,product_ratio_of_sums,Dashboard aggregate product-volume comparison; differs from the historical mean-of-observation index.
eu_ets,2030,1002,Rye,573218.4795593933,572375.6178985941,99.85295978918073,-0.1470402108192701,product_ratio_of_sums,Dashboard aggregate product-volume comparison; differs from the historical mean-of-observation index.
eu_ets,2030,1003,Barley,5619283.536869653,5596637.377284382,99.59699204646493,-0.4030079535350666,product_ratio_of_sums,Dashboard aggregate product-volume comparison; differs from the historical mean-of-observation index.
eu_ets,2030,1004,Oats,769700.4065366474,761429.6410853628,98.92545653074293,-1.0745434692570655,product_ratio_of_sums,Dashboard aggregate product-volume comparison; differs from the historical mean-of-observation index.
eu_ets,2030,1005,Maize (corn),36231839.956742994,36080656.71029702,99.58273373191516,-0.4172662680848447,product_ratio_of_sums,Dashboard aggregate product-volume comparison; differs from the historical mean-of-observation index.
eu_ets,2030,1006,Rice,8168197.430935526,8163185.99532585,99.93864698237219,-0.06135301762780898,product_ratio_of_sums,Dashboard aggregate product-volume comparison; differs from the historical mean-of-observation index.
eu_ets,2030,1007,Grain sorghum,923538.4742895074,918550.8501050576,99.4599440821037,-0.5400559178962965,product_ratio_of_sums,Dashboard aggregate product-volume comparison; differs from the historical mean-of-observation index.
eu_ets,2030,1008,"Buckwheat, millet and canary seeds; other cereals",417776.27896161063,415655.2562161723,99.49230656400354,-0.5076934359964582,product_ratio_of_sums,Dashboard aggregate product-volume comparison; differs from the historical mean-of-observation index.
