scenario_id,year,baseline_mean_cost_per_ton,scenario_mean_cost_per_ton,cost_index,delta_cost_pct,observation_count_baseline,observation_count_scenario,product_scope,cost_aggregation,scope_note
black_sea,2025,29.266901259078523,31.294489339595444,106.92792196402401,6.927921964024009,27,27,"[""1001"",""1005""]",unweighted_arithmetic_mean_scoped,Scoped to configured affected corridors and declared dashboard focus products; not a global or trade-weighted freight-cost index.
black_sea,2026,29.31433225963558,31.345860162225954,106.93015240666999,6.93015240666999,27,27,"[""1001"",""1005""]",unweighted_arithmetic_mean_scoped,Scoped to configured affected corridors and declared dashboard focus products; not a global or trade-weighted freight-cost index.
black_sea,2027,29.362221427105233,31.397481380997597,106.931559858116,6.931559858116003,27,27,"[""1001"",""1005""]",unweighted_arithmetic_mean_scoped,Scoped to configured affected corridors and declared dashboard focus products; not a global or trade-weighted freight-cost index.
black_sea,2028,29.410521325964243,31.450027749005024,106.93461499861365,6.934614998613654,27,27,"[""1001"",""1005""]",unweighted_arithmetic_mean_scoped,Scoped to configured affected corridors and declared dashboard focus products; not a global or trade-weighted freight-cost index.
black_sea,2029,29.460472918274725,31.50328431748185,106.9340753791496,6.934075379149604,27,27,"[""1001"",""1005""]",unweighted_arithmetic_mean_scoped,Scoped to configured affected corridors and declared dashboard focus products; not a global or trade-weighted freight-cost index.
black_sea,2030,29.510850437086674,31.5571413194653,106.93402884725757,6.934028847257565,27,27,"[""1001"",""1005""]",unweighted_arithmetic_mean_scoped,Scoped to configured affected corridors and declared dashboard focus products; not a global or trade-weighted freight-cost index.
el_nino,2025,21.882838948242526,22.346956836361816,102.12092173788339,2.1209217378833927,24,24,"[""1001"",""1005""]",unweighted_arithmetic_mean_scoped,Scoped to configured affected corridors and declared dashboard focus products; not a global or trade-weighted freight-cost index.
el_nino,2026,21.901306127183386,22.366314797466625,102.12320063279734,2.123200632797335,24,24,"[""1001"",""1005""]",unweighted_arithmetic_mean_scoped,Scoped to configured affected corridors and declared dashboard focus products; not a global or trade-weighted freight-cost index.
el_nino,2027,21.919869141476806,22.385508369616442,102.12427923330323,2.124279233303227,24,24,"[""1001"",""1005""]",unweighted_arithmetic_mean_scoped,Scoped to configured affected corridors and declared dashboard focus products; not a global or trade-weighted freight-cost index.
el_nino,2028,21.938611972191968,22.404230477789444,102.1223699393,2.1223699393000004,24,24,"[""1001"",""1005""]",unweighted_arithmetic_mean_scoped,Scoped to configured affected corridors and declared dashboard focus products; not a global or trade-weighted freight-cost index.
el_nino,2029,21.957387591776364,22.422612873485672,102.11876426448632,2.118764264486316,24,24,"[""1001"",""1005""]",unweighted_arithmetic_mean_scoped,Scoped to configured affected corridors and declared dashboard focus products; not a global or trade-weighted freight-cost index.
el_nino,2030,21.976238995550972,22.44107736878384,102.11518619417532,2.1151861941753225,24,24,"[""1001"",""1005""]",unweighted_arithmetic_mean_scoped,Scoped to configured affected corridors and declared dashboard focus products; not a global or trade-weighted freight-cost index.
eu_ets,2025,18.706845150775784,18.972128773082257,101.41810989596752,1.4181098959675182,246,246,"[""1001"",""1005"",""1006""]",unweighted_arithmetic_mean_scoped,Scoped to configured affected corridors and declared dashboard focus products; not a global or trade-weighted freight-cost index.
eu_ets,2026,18.737669247004046,19.00333297289562,101.41780561066341,1.4178056106634074,246,246,"[""1001"",""1005"",""1006""]",unweighted_arithmetic_mean_scoped,Scoped to configured affected corridors and declared dashboard focus products; not a global or trade-weighted freight-cost index.
eu_ets,2027,18.768546490374142,19.034686262083248,101.41800949714248,1.418009497142478,246,246,"[""1001"",""1005"",""1006""]",unweighted_arithmetic_mean_scoped,Scoped to configured affected corridors and declared dashboard focus products; not a global or trade-weighted freight-cost index.
eu_ets,2028,18.799523008858337,19.06619013333231,101.41847814089921,1.4184781408992109,246,246,"[""1001"",""1005"",""1006""]",unweighted_arithmetic_mean_scoped,Scoped to configured affected corridors and declared dashboard focus products; not a global or trade-weighted freight-cost index.
eu_ets,2029,18.83057902321943,19.09778576002081,101.41900435707205,1.4190043570720547,246,246,"[""1001"",""1005"",""1006""]",unweighted_arithmetic_mean_scoped,Scoped to configured affected corridors and declared dashboard focus products; not a global or trade-weighted freight-cost index.
eu_ets,2030,18.86190839475937,19.12950543483924,101.41871667743979,1.4187166774397895,246,246,"[""1001"",""1005"",""1006""]",unweighted_arithmetic_mean_scoped,Scoped to configured affected corridors and declared dashboard focus products; not a global or trade-weighted freight-cost index.
