year,destination_label,destination_region,food_import_gap_ratio,cost_intensity_country,cost_level,gap_level,segmentation_quadrant,cost_threshold,food_gap_threshold
2021,Afghanistan,Asia,-9.246143741414146,,Low,Low,Q4 — Low Risk,0.09412690543246666,-0.7313713385373982
2021,Albania,Europe,-26.9302769474313,,Low,Low,Q4 — Low Risk,0.09412690543246666,-0.7313713385373982
2021,Algeria,Africa,0.48559932915194837,,Low,High,"Q2 — High Dependency, Low Cost",0.09412690543246666,-0.7313713385373982
2021,Andorra,Europe,,,Low,Low,Q4 — Low Risk,0.09412690543246666,-0.7313713385373982
2021,Angola,Africa,-inf,,Low,Low,Q4 — Low Risk,0.09412690543246666,-0.7313713385373982
2021,Antigua and Barbuda,Latin America and the Caribbean,1.0,,Low,High,"Q2 — High Dependency, Low Cost",0.09412690543246666,-0.7313713385373982
2021,Argentina,Latin America and the Caribbean,-35.291914128820395,,Low,Low,Q4 — Low Risk,0.09412690543246666,-0.7313713385373982
2021,Armenia,Asia,0.6968392608255356,,Low,High,"Q2 — High Dependency, Low Cost",0.09412690543246666,-0.7313713385373982
2021,Aruba,Latin America and the Caribbean,,0.05170445111118533,Low,Low,Q4 — Low Risk,0.09412690543246666,-0.7313713385373982
2021,Australia,Oceania,-inf,0.10230195196933374,High,Low,Q3 — High Cost Sensitivity,0.09412690543246666,-0.7313713385373982
2021,Austria,Europe,-29.173479405642674,,Low,Low,Q4 — Low Risk,0.09412690543246666,-0.7313713385373982
2021,Azerbaijan,Asia,-2.6488300527223063,,Low,Low,Q4 — Low Risk,0.09412690543246666,-0.7313713385373982
2021,Bahamas,Latin America and the Caribbean,0.7720771451299038,,Low,High,"Q2 — High Dependency, Low Cost",0.09412690543246666,-0.7313713385373982
2021,Bahrain,Asia,,,Low,Low,Q4 — Low Risk,0.09412690543246666,-0.7313713385373982
2021,Barbados,Latin America and the Caribbean,1.0,0.07650149328178096,Low,High,"Q2 — High Dependency, Low Cost",0.09412690543246666,-0.7313713385373982
2021,Belarus,Europe,-52.55202166830189,,Low,Low,Q4 — Low Risk,0.09412690543246666,-0.7313713385373982
2021,Belgium,Europe,-18.13300680579325,,Low,Low,Q4 — Low Risk,0.09412690543246666,-0.7313713385373982
2021,Belize,Latin America and the Caribbean,-1.7794180588829418,,Low,Low,Q4 — Low Risk,0.09412690543246666,-0.7313713385373982
2021,Benin,Africa,-0.054194133852782045,,Low,High,"Q2 — High Dependency, Low Cost",0.09412690543246666,-0.7313713385373982
2021,Bermuda,Northern America,,0.03338962497671072,Low,Low,Q4 — Low Risk,0.09412690543246666,-0.7313713385373982
2021,Bolivia (Plurinational State of),Latin America and the Caribbean,-38.431153573006554,,Low,Low,Q4 — Low Risk,0.09412690543246666,-0.7313713385373982
2021,Bosnia and Herzegovina,Europe,-13.49661015561969,,Low,Low,Q4 — Low Risk,0.09412690543246666,-0.7313713385373982
2021,Botswana,Africa,0.665188916598586,,Low,High,"Q2 — High Dependency, Low Cost",0.09412690543246666,-0.7313713385373982
2021,Brazil,Latin America and the Caribbean,-inf,,Low,Low,Q4 — Low Risk,0.09412690543246666,-0.7313713385373982
2021,Brunei Darussalam,Asia,,,Low,Low,Q4 — Low Risk,0.09412690543246666,-0.7313713385373982
2021,Bulgaria,Europe,-751.2518942297858,,Low,Low,Q4 — Low Risk,0.09412690543246666,-0.7313713385373982
2021,Burkina Faso,Africa,0.2613942382266968,,Low,High,"Q2 — High Dependency, Low Cost",0.09412690543246666,-0.7313713385373982
2021,Burundi,Africa,-0.2853783364266466,,Low,High,"Q2 — High Dependency, Low Cost",0.09412690543246666,-0.7313713385373982
2021,Cabo Verde,Africa,1.0,,Low,High,"Q2 — High Dependency, Low Cost",0.09412690543246666,-0.7313713385373982
2021,Cambodia,Asia,-67.7265645094087,0.14119262887645784,High,Low,Q3 — High Cost Sensitivity,0.09412690543246666,-0.7313713385373982
2021,Cameroon,Africa,0.3921394763365903,,Low,High,"Q2 — High Dependency, Low Cost",0.09412690543246666,-0.7313713385373982
2021,Cayman Islands,Latin America and the Caribbean,,0.05233757263031861,Low,Low,Q4 — Low Risk,0.09412690543246666,-0.7313713385373982
2021,Central African Republic,Africa,0.15264471645127758,,Low,High,"Q2 — High Dependency, Low Cost",0.09412690543246666,-0.7313713385373982
2021,Chile,Latin America and the Caribbean,-inf,,Low,Low,Q4 — Low Risk,0.09412690543246666,-0.7313713385373982
2021,China,Asia,-7.8170871582920265,,Low,Low,Q4 — Low Risk,0.09412690543246666,-0.7313713385373982
2021,"China, Hong Kong SAR",Asia,,,Low,Low,Q4 — Low Risk,0.09412690543246666,-0.7313713385373982
2021,"China, Macao SAR",Asia,,,Low,Low,Q4 — Low Risk,0.09412690543246666,-0.7313713385373982
2021,Colombia,Latin America and the Caribbean,0.3475357077832984,,Low,High,"Q2 — High Dependency, Low Cost",0.09412690543246666,-0.7313713385373982
2021,Comoros,Africa,0.868617858956115,0.09827274978391512,High,High,Q1 — Critical Exposure,0.09412690543246666,-0.7313713385373982
2021,"Congo, Dem. Rep. of the",Africa,,,Low,Low,Q4 — Low Risk,0.09412690543246666,-0.7313713385373982
2021,Costa Rica,Latin America and the Caribbean,0.5107001470426915,0.08432547047063343,Low,High,"Q2 — High Dependency, Low Cost",0.09412690543246666,-0.7313713385373982
2021,Cote d'Ivoire,Africa,0.10813065602374791,,Low,High,"Q2 — High Dependency, Low Cost",0.09412690543246666,-0.7313713385373982
2021,Croatia,Europe,-58.79690473605305,,Low,Low,Q4 — Low Risk,0.09412690543246666,-0.7313713385373982
2021,Cyprus,Asia,0.27313792052840047,0.06852257380475936,Low,High,"Q2 — High Dependency, Low Cost",0.09412690543246666,-0.7313713385373982
2021,Czechia,Europe,-inf,,Low,Low,Q4 — Low Risk,0.09412690543246666,-0.7313713385373982
2021,Denmark,Europe,-inf,,Low,Low,Q4 — Low Risk,0.09412690543246666,-0.7313713385373982
2021,Dominican Republic,Latin America and the Caribbean,-0.5904424352265943,,Low,High,"Q2 — High Dependency, Low Cost",0.09412690543246666,-0.7313713385373982
2021,Ecuador,Latin America and the Caribbean,-8.811255825513202,,Low,Low,Q4 — Low Risk,0.09412690543246666,-0.7313713385373982
2021,Egypt,Africa,-inf,0.11738331771658024,High,Low,Q3 — High Cost Sensitivity,0.09412690543246666,-0.7313713385373982
2021,El Salvador,Latin America and the Caribbean,0.40879474307283487,,Low,High,"Q2 — High Dependency, Low Cost",0.09412690543246666,-0.7313713385373982
2021,Estonia,Europe,-9.132784661976954,,Low,Low,Q4 — Low Risk,0.09412690543246666,-0.7313713385373982
2021,Eswatini,Africa,0.8662706638291008,0.1292857605708734,High,High,Q1 — Critical Exposure,0.09412690543246666,-0.7313713385373982
2021,Ethiopia,Africa,0.25763275122024415,0.10363751837380655,High,High,Q1 — Critical Exposure,0.09412690543246666,-0.7313713385373982
2021,Fiji,Oceania,0.7765130739579607,0.08621887395782332,Low,High,"Q2 — High Dependency, Low Cost",0.09412690543246666,-0.7313713385373982
2021,Finland,Europe,-14.639208877752559,,Low,Low,Q4 — Low Risk,0.09412690543246666,-0.7313713385373982
2021,France,Europe,-47.50937922104364,,Low,Low,Q4 — Low Risk,0.09412690543246666,-0.7313713385373982
2021,French Polynesia,Oceania,,,Low,Low,Q4 — Low Risk,0.09412690543246666,-0.7313713385373982
2021,Gambia,Africa,0.6250030721531943,0.1532236433298713,High,High,Q1 — Critical Exposure,0.09412690543246666,-0.7313713385373982
2021,Georgia,Asia,-0.830038814363115,,Low,Low,Q4 — Low Risk,0.09412690543246666,-0.7313713385373982
2021,Germany,Europe,-20.91851758884406,,Low,Low,Q4 — Low Risk,0.09412690543246666,-0.7313713385373982
2021,Ghana,Africa,-0.04851226507239414,,Low,High,"Q2 — High Dependency, Low Cost",0.09412690543246666,-0.7313713385373982
2021,Greece,Europe,-17.445030346624197,,Low,Low,Q4 — Low Risk,0.09412690543246666,-0.7313713385373982
2021,Greenland,Northern America,,,Low,Low,Q4 — Low Risk,0.09412690543246666,-0.7313713385373982
2021,Grenada,Latin America and the Caribbean,1.0,0.08329004479525991,Low,High,"Q2 — High Dependency, Low Cost",0.09412690543246666,-0.7313713385373982
2021,Guatemala,Latin America and the Caribbean,0.5242752189778883,0.09412690543246666,Low,High,"Q2 — High Dependency, Low Cost",0.09412690543246666,-0.7313713385373982
2021,Guinea,Africa,-2.5700145014999385,,Low,Low,Q4 — Low Risk,0.09412690543246666,-0.7313713385373982
2021,Guyana,Latin America and the Caribbean,-7.468017430081476,0.0798153150675911,Low,Low,Q4 — Low Risk,0.09412690543246666,-0.7313713385373982
2021,Honduras,Latin America and the Caribbean,0.6478752580590906,0.09727000213940219,High,High,Q1 — Critical Exposure,0.09412690543246666,-0.7313713385373982
2021,Hungary,Europe,-58065.07604843573,,Low,Low,Q4 — Low Risk,0.09412690543246666,-0.7313713385373982
2021,Iceland,Europe,0.4738148698058373,,Low,High,"Q2 — High Dependency, Low Cost",0.09412690543246666,-0.7313713385373982
2021,India,Asia,-1.0889883745052202,,Low,Low,Q4 — Low Risk,0.09412690543246666,-0.7313713385373982
2021,Indonesia,Asia,-16.992865267491155,,Low,Low,Q4 — Low Risk,0.09412690543246666,-0.7313713385373982
2021,Iran (Islamic Republic of),Asia,-21.981898844808427,,Low,Low,Q4 — Low Risk,0.09412690543246666,-0.7313713385373982
2021,Ireland,Europe,-81.45419684356479,,Low,Low,Q4 — Low Risk,0.09412690543246666,-0.7313713385373982
2021,Israel,Asia,-0.3402829384727122,0.06529937775318102,Low,High,"Q2 — High Dependency, Low Cost",0.09412690543246666,-0.7313713385373982
2021,Italy,Europe,-28.53169435012273,,Low,Low,Q4 — Low Risk,0.09412690543246666,-0.7313713385373982
2021,Jamaica,Latin America and the Caribbean,0.9864600674961569,0.08791509616771867,Low,High,"Q2 — High Dependency, Low Cost",0.09412690543246666,-0.7313713385373982
2021,Japan,Asia,0.6467214397993204,,Low,High,"Q2 — High Dependency, Low Cost",0.09412690543246666,-0.7313713385373982
2021,Jordan,Asia,-1.7869746402087905,,Low,Low,Q4 — Low Risk,0.09412690543246666,-0.7313713385373982
2021,Kazakhstan,Asia,-18.011708060332335,,Low,Low,Q4 — Low Risk,0.09412690543246666,-0.7313713385373982
2021,Kenya,Africa,-inf,,Low,Low,Q4 — Low Risk,0.09412690543246666,-0.7313713385373982
2021,Kiribati,Oceania,,,Low,Low,Q4 — Low Risk,0.09412690543246666,-0.7313713385373982
2021,"Korea, Republic of",Asia,0.5641229851289654,,Low,High,"Q2 — High Dependency, Low Cost",0.09412690543246666,-0.7313713385373982
2021,Kuwait,Asia,-14.470356109561383,,Low,Low,Q4 — Low Risk,0.09412690543246666,-0.7313713385373982
2021,Kyrgyzstan,Asia,,,Low,Low,Q4 — Low Risk,0.09412690543246666,-0.7313713385373982
2021,Lao People's Dem. Rep.,Asia,,,Low,Low,Q4 — Low Risk,0.09412690543246666,-0.7313713385373982
2021,Latvia,Europe,-5.326997348453645,,Low,Low,Q4 — Low Risk,0.09412690543246666,-0.7313713385373982
2021,Lebanon,Asia,0.3544001280312851,,Low,High,"Q2 — High Dependency, Low Cost",0.09412690543246666,-0.7313713385373982
2021,Lesotho,Africa,0.9065347024610304,,Low,High,"Q2 — High Dependency, Low Cost",0.09412690543246666,-0.7313713385373982
2021,Libya,Africa,0.5135899150392607,,Low,High,"Q2 — High Dependency, Low Cost",0.09412690543246666,-0.7313713385373982
2021,Lithuania,Europe,-39.572874732579535,,Low,Low,Q4 — Low Risk,0.09412690543246666,-0.7313713385373982
2021,Luxembourg,Europe,-387.551937619976,,Low,Low,Q4 — Low Risk,0.09412690543246666,-0.7313713385373982
2021,Madagascar,Africa,0.3008663250547748,0.15809416457102804,High,High,Q1 — Critical Exposure,0.09412690543246666,-0.7313713385373982
2021,Malawi,Africa,-0.39770849770775724,,Low,High,"Q2 — High Dependency, Low Cost",0.09412690543246666,-0.7313713385373982
2021,Malaysia,Asia,0.7898329353728818,,Low,High,"Q2 — High Dependency, Low Cost",0.09412690543246666,-0.7313713385373982
2021,Maldives,Asia,1.0,,Low,High,"Q2 — High Dependency, Low Cost",0.09412690543246666,-0.7313713385373982
2021,Mali,Africa,-0.29448421286875515,,Low,High,"Q2 — High Dependency, Low Cost",0.09412690543246666,-0.7313713385373982
2021,Malta,Europe,1.0,,Low,High,"Q2 — High Dependency, Low Cost",0.09412690543246666,-0.7313713385373982
2021,Mauritania,Africa,0.401954136821891,0.1217815210331042,High,High,Q1 — Critical Exposure,0.09412690543246666,-0.7313713385373982
2021,Mauritius,Africa,0.9492890972390606,0.159143089890317,High,High,Q1 — Critical Exposure,0.09412690543246666,-0.7313713385373982
2021,Mongolia,Asia,-1.8766621101819883,,Low,Low,Q4 — Low Risk,0.09412690543246666,-0.7313713385373982
2021,Montenegro,Europe,-10.953745246357464,,Low,Low,Q4 — Low Risk,0.09412690543246666,-0.7313713385373982
2021,Montserrat,Latin America and the Caribbean,,,Low,Low,Q4 — Low Risk,0.09412690543246666,-0.7313713385373982
2021,Morocco,Africa,0.1611931665175374,,Low,High,"Q2 — High Dependency, Low Cost",0.09412690543246666,-0.7313713385373982
2021,Mozambique,Africa,0.6074254157778368,,Low,High,"Q2 — High Dependency, Low Cost",0.09412690543246666,-0.7313713385373982
2021,Myanmar,Asia,-2.8998823348140235,,Low,Low,Q4 — Low Risk,0.09412690543246666,-0.7313713385373982
2021,Namibia,Africa,0.5420867371360277,,Low,High,"Q2 — High Dependency, Low Cost",0.09412690543246666,-0.7313713385373982
2021,Nepal,Asia,-0.7309164048468864,0.11022062553454368,High,High,Q1 — Critical Exposure,0.09412690543246666,-0.7313713385373982
2021,Netherlands (Kingdom of the),Europe,-0.5901010863157367,,Low,High,"Q2 — High Dependency, Low Cost",0.09412690543246666,-0.7313713385373982
2021,New Zealand,Oceania,-15.076137225189946,,Low,Low,Q4 — Low Risk,0.09412690543246666,-0.7313713385373982
2021,Nicaragua,Latin America and the Caribbean,0.13031729015091228,0.10760463981012208,High,High,Q1 — Critical Exposure,0.09412690543246666,-0.7313713385373982
2021,Niger,Africa,0.7117189628449789,,Low,High,"Q2 — High Dependency, Low Cost",0.09412690543246666,-0.7313713385373982
2021,Nigeria,Africa,0.42319127605763,,Low,High,"Q2 — High Dependency, Low Cost",0.09412690543246666,-0.7313713385373982
2021,North Macedonia,Europe,-3.0261123965996846,,Low,Low,Q4 — Low Risk,0.09412690543246666,-0.7313713385373982
2021,Norway,Europe,-inf,,Low,Low,Q4 — Low Risk,0.09412690543246666,-0.7313713385373982
2021,Oman,Asia,-0.7318262722279101,,Low,Low,Q4 — Low Risk,0.09412690543246666,-0.7313713385373982
2021,Pakistan,Asia,-1.6528740903422887,,Low,Low,Q4 — Low Risk,0.09412690543246666,-0.7313713385373982
2021,Palau,Oceania,,,Low,Low,Q4 — Low Risk,0.09412690543246666,-0.7313713385373982
2021,Panama,Latin America and the Caribbean,-0.06647019753840225,0.08194484214527321,Low,High,"Q2 — High Dependency, Low Cost",0.09412690543246666,-0.7313713385373982
2021,Paraguay,Latin America and the Caribbean,-21.765548985967563,0.07915947284939104,Low,Low,Q4 — Low Risk,0.09412690543246666,-0.7313713385373982
2021,Peru,Latin America and the Caribbean,-0.5303310226949073,0.10106008005456601,High,High,Q1 — Critical Exposure,0.09412690543246666,-0.7313713385373982
2021,Philippines,Asia,-0.8513037322404842,,Low,Low,Q4 — Low Risk,0.09412690543246666,-0.7313713385373982
2021,Poland,Europe,-9.381264286313527,,Low,Low,Q4 — Low Risk,0.09412690543246666,-0.7313713385373982
2021,Portugal,Europe,-0.6312355812987543,,Low,High,"Q2 — High Dependency, Low Cost",0.09412690543246666,-0.7313713385373982
2021,Qatar,Asia,0.8006036929872237,,Low,High,"Q2 — High Dependency, Low Cost",0.09412690543246666,-0.7313713385373982
2021,Romania,Europe,-27.43679733335257,,Low,Low,Q4 — Low Risk,0.09412690543246666,-0.7313713385373982
2021,Russian Federation,Europe,-43.70597510319118,,Low,Low,Q4 — Low Risk,0.09412690543246666,-0.7313713385373982
2021,Rwanda,Africa,0.4107392684869552,,Low,High,"Q2 — High Dependency, Low Cost",0.09412690543246666,-0.7313713385373982
2021,Saint Kitts and Nevis,Latin America and the Caribbean,,,Low,Low,Q4 — Low Risk,0.09412690543246666,-0.7313713385373982
2021,Saint Lucia,Latin America and the Caribbean,1.0,,Low,High,"Q2 — High Dependency, Low Cost",0.09412690543246666,-0.7313713385373982
2021,Saint Vincent and the Grenadines,Latin America and the Caribbean,0.6039516923557297,0.08623031862420483,Low,High,"Q2 — High Dependency, Low Cost",0.09412690543246666,-0.7313713385373982
2021,Samoa,Oceania,,0.08802956969266512,Low,Low,Q4 — Low Risk,0.09412690543246666,-0.7313713385373982
2021,Sao Tome and Principe,Africa,0.5446132930764201,0.10190475422911283,High,High,Q1 — Critical Exposure,0.09412690543246666,-0.7313713385373982
2021,Saudi Arabia,Asia,0.31466898168943713,,Low,High,"Q2 — High Dependency, Low Cost",0.09412690543246666,-0.7313713385373982
2021,Senegal,Africa,-0.17223184623612534,,Low,High,"Q2 — High Dependency, Low Cost",0.09412690543246666,-0.7313713385373982
2021,Serbia,Europe,-inf,,Low,Low,Q4 — Low Risk,0.09412690543246666,-0.7313713385373982
2021,Seychelles,Africa,,0.07815095632276961,Low,Low,Q4 — Low Risk,0.09412690543246666,-0.7313713385373982
2021,Sierra Leone,Africa,-0.5947855005927151,,Low,High,"Q2 — High Dependency, Low Cost",0.09412690543246666,-0.7313713385373982
2021,Singapore,Asia,,,Low,Low,Q4 — Low Risk,0.09412690543246666,-0.7313713385373982
2021,Slovakia,Europe,,,Low,Low,Q4 — Low Risk,0.09412690543246666,-0.7313713385373982
2021,Slovenia,Europe,-4.303917554307706,,Low,Low,Q4 — Low Risk,0.09412690543246666,-0.7313713385373982
2021,Solomon Islands,Oceania,0.9406751499620125,,Low,High,"Q2 — High Dependency, Low Cost",0.09412690543246666,-0.7313713385373982
2021,Spain,Europe,-79.08977623562409,,Low,Low,Q4 — Low Risk,0.09412690543246666,-0.7313713385373982
2021,Sri Lanka,Asia,-0.37236915193380543,,Low,High,"Q2 — High Dependency, Low Cost",0.09412690543246666,-0.7313713385373982
2021,State of Palestine,Asia,,,Low,Low,Q4 — Low Risk,0.09412690543246666,-0.7313713385373982
2021,Sudan,Africa,0.713368601768294,,Low,High,"Q2 — High Dependency, Low Cost",0.09412690543246666,-0.7313713385373982
2021,Suriname,Latin America and the Caribbean,-1.5120184192307058,0.09312241546626107,Low,Low,Q4 — Low Risk,0.09412690543246666,-0.7313713385373982
2021,Sweden,Europe,-17.1183432345914,,Low,Low,Q4 — Low Risk,0.09412690543246666,-0.7313713385373982
2021,Tajikistan,Asia,-6.434865536957282,,Low,Low,Q4 — Low Risk,0.09412690543246666,-0.7313713385373982
2021,Thailand,Asia,-1.8993728688135696,,Low,Low,Q4 — Low Risk,0.09412690543246666,-0.7313713385373982
2021,Timor-Leste,Asia,0.6378124664408854,0.10293138428022691,High,High,Q1 — Critical Exposure,0.09412690543246666,-0.7313713385373982
2021,Togo,Africa,0.2717352399336734,,Low,High,"Q2 — High Dependency, Low Cost",0.09412690543246666,-0.7313713385373982
2021,Trinidad and Tobago,Latin America and the Caribbean,0.9366391648403652,0.0748951590301865,Low,High,"Q2 — High Dependency, Low Cost",0.09412690543246666,-0.7313713385373982
2021,Tunisia,Africa,-1.3909608313779784,0.1235090587437635,High,Low,Q3 — High Cost Sensitivity,0.09412690543246666,-0.7313713385373982
2021,Turkiye,Asia,-4.312167347743225,,Low,Low,Q4 — Low Risk,0.09412690543246666,-0.7313713385373982
2021,Uganda,Africa,0.31124913845197016,,Low,High,"Q2 — High Dependency, Low Cost",0.09412690543246666,-0.7313713385373982
2021,Ukraine,Europe,-35.348167511902886,,Low,Low,Q4 — Low Risk,0.09412690543246666,-0.7313713385373982
2021,United Arab Emirates,Asia,0.6025499130692552,,Low,High,"Q2 — High Dependency, Low Cost",0.09412690543246666,-0.7313713385373982
2021,United Kingdom,Europe,-5.907947341793354,,Low,Low,Q4 — Low Risk,0.09412690543246666,-0.7313713385373982
2021,United States of America,Northern America,-24.66204859660952,,Low,Low,Q4 — Low Risk,0.09412690543246666,-0.7313713385373982
2021,Uruguay,Latin America and the Caribbean,-136.59093080370658,,Low,Low,Q4 — Low Risk,0.09412690543246666,-0.7313713385373982
2021,Uzbekistan,Asia,-0.9004183084375347,,Low,Low,Q4 — Low Risk,0.09412690543246666,-0.7313713385373982
2021,Viet Nam,Asia,-inf,,Low,Low,Q4 — Low Risk,0.09412690543246666,-0.7313713385373982
2021,Yemen,Asia,0.6914713516813649,,Low,High,"Q2 — High Dependency, Low Cost",0.09412690543246666,-0.7313713385373982
2021,Zambia,Africa,-inf,,Low,Low,Q4 — Low Risk,0.09412690543246666,-0.7313713385373982
2021,Zimbabwe,Africa,-0.33575248808444186,0.11032276103601871,High,High,Q1 — Critical Exposure,0.09412690543246666,-0.7313713385373982
