model_family,specification,metric,value,scale,evaluation_scope,provenance,provenance_note
OLS,pooled,adjusted_r2,0.642,log_trade_tonnes,in_sample,saved_notebook_output,Rounded model-fit result preserved in the modelling notebook; complete OLS error-metric table was not recovered.
OLS,product_fe,adjusted_r2,0.648,log_trade_tonnes,in_sample,saved_notebook_output,Rounded model-fit result preserved in the modelling notebook; complete OLS error-metric table was not recovered.
OLS,origin_destination_fe,adjusted_r2,0.720,log_trade_tonnes,in_sample,saved_notebook_output,Rounded model-fit result preserved in the modelling notebook; complete OLS error-metric table was not recovered.
PPML,pooled,rmse,1.852008e+05,trade_tonnes_level,in_sample,saved_notebook_output,Historical saved notebook evaluation output corresponding to the current PPML model family; values are reported precision rather than recovered full-precision result objects.
PPML,pooled,mae,2.409332e+04,trade_tonnes_level,in_sample,saved_notebook_output,Historical saved notebook evaluation output corresponding to the current PPML model family; values are reported precision rather than recovered full-precision result objects.
PPML,pooled,mape,2.073552e+07,trade_tonnes_level,in_sample,saved_notebook_output,Historical saved notebook evaluation output corresponding to the current PPML model family; values are reported precision rather than recovered full-precision result objects.
PPML,pooled,bias,-8.723246e-10,trade_tonnes_level,in_sample,saved_notebook_output,Historical saved notebook evaluation output corresponding to the current PPML model family; values are reported precision rather than recovered full-precision result objects.
PPML,pooled,extreme_share,80.48909,trade_tonnes_level,in_sample,saved_notebook_output,Historical saved notebook evaluation output corresponding to the current PPML model family; values are reported precision rather than recovered full-precision result objects.
PPML,pooled,pseudo_r2,0.3474551,model_fit,in_sample,saved_notebook_output,Historical saved notebook evaluation output corresponding to the current PPML model family; values are reported precision rather than recovered full-precision result objects.
PPML,product_fe,rmse,1.819819e+05,trade_tonnes_level,in_sample,saved_notebook_output,Historical saved notebook evaluation output corresponding to the current PPML model family; values are reported precision rather than recovered full-precision result objects.
PPML,product_fe,mae,2.374172e+04,trade_tonnes_level,in_sample,saved_notebook_output,Historical saved notebook evaluation output corresponding to the current PPML model family; values are reported precision rather than recovered full-precision result objects.
PPML,product_fe,mape,2.244214e+07,trade_tonnes_level,in_sample,saved_notebook_output,Historical saved notebook evaluation output corresponding to the current PPML model family; values are reported precision rather than recovered full-precision result objects.
PPML,product_fe,bias,-9.043376e-10,trade_tonnes_level,in_sample,saved_notebook_output,Historical saved notebook evaluation output corresponding to the current PPML model family; values are reported precision rather than recovered full-precision result objects.
PPML,product_fe,extreme_share,80.24151,trade_tonnes_level,in_sample,saved_notebook_output,Historical saved notebook evaluation output corresponding to the current PPML model family; values are reported precision rather than recovered full-precision result objects.
PPML,product_fe,pseudo_r2,0.3835593,model_fit,in_sample,saved_notebook_output,Historical saved notebook evaluation output corresponding to the current PPML model family; values are reported precision rather than recovered full-precision result objects.
PPML,origin_destination_fe,rmse,1.584188e+05,trade_tonnes_level,in_sample,saved_notebook_output,Historical saved notebook evaluation output corresponding to the current PPML model family; values are reported precision rather than recovered full-precision result objects.
PPML,origin_destination_fe,mae,1.913637e+04,trade_tonnes_level,in_sample,saved_notebook_output,Historical saved notebook evaluation output corresponding to the current PPML model family; values are reported precision rather than recovered full-precision result objects.
PPML,origin_destination_fe,mape,4.494003e+06,trade_tonnes_level,in_sample,saved_notebook_output,Historical saved notebook evaluation output corresponding to the current PPML model family; values are reported precision rather than recovered full-precision result objects.
PPML,origin_destination_fe,bias,-8.766744e-10,trade_tonnes_level,in_sample,saved_notebook_output,Historical saved notebook evaluation output corresponding to the current PPML model family; values are reported precision rather than recovered full-precision result objects.
PPML,origin_destination_fe,extreme_share,79.11757,trade_tonnes_level,in_sample,saved_notebook_output,Historical saved notebook evaluation output corresponding to the current PPML model family; values are reported precision rather than recovered full-precision result objects.
PPML,origin_destination_fe,pseudo_r2,0.6660661,model_fit,in_sample,saved_notebook_output,Historical saved notebook evaluation output corresponding to the current PPML model family; values are reported precision rather than recovered full-precision result objects.
