model,variable,coefficient,p_value,evaluation_scope,target,provenance,validation_status,provenance_note
OLS,ln_dist,0.147368,0.000,in_sample,maritime_transport_expenditure_per_ton,defended_thesis_reported,reported_not_recovered_from_model_artifact,"Values reproduce the final defended thesis table. OLS and GLM displayed coefficients are identical in that table; no original current-specification fitted coefficient artifact was recovered, so the dashboard must not represent these as independently artifact-validated estimates."
OLS,conn_ij,-0.143170,1.000,in_sample,maritime_transport_expenditure_per_ton,defended_thesis_reported,reported_not_recovered_from_model_artifact,"Values reproduce the final defended thesis table. OLS and GLM displayed coefficients are identical in that table; no original current-specification fitted coefficient artifact was recovered, so the dashboard must not represent these as independently artifact-validated estimates."
OLS,comp_ij,-0.143170,1.000,in_sample,maritime_transport_expenditure_per_ton,defended_thesis_reported,reported_not_recovered_from_model_artifact,"Values reproduce the final defended thesis table. OLS and GLM displayed coefficients are identical in that table; no original current-specification fitted coefficient artifact was recovered, so the dashboard must not represent these as independently artifact-validated estimates."
OLS,ln_gdp_o,-0.000569,0.881,in_sample,maritime_transport_expenditure_per_ton,defended_thesis_reported,reported_not_recovered_from_model_artifact,"Values reproduce the final defended thesis table. OLS and GLM displayed coefficients are identical in that table; no original current-specification fitted coefficient artifact was recovered, so the dashboard must not represent these as independently artifact-validated estimates."
OLS,ln_gdp_d,0.021149,0.000,in_sample,maritime_transport_expenditure_per_ton,defended_thesis_reported,reported_not_recovered_from_model_artifact,"Values reproduce the final defended thesis table. OLS and GLM displayed coefficients are identical in that table; no original current-specification fitted coefficient artifact was recovered, so the dashboard must not represent these as independently artifact-validated estimates."
OLS,ln_fbx,0.245669,0.000,in_sample,maritime_transport_expenditure_per_ton,defended_thesis_reported,reported_not_recovered_from_model_artifact,"Values reproduce the final defended thesis table. OLS and GLM displayed coefficients are identical in that table; no original current-specification fitted coefficient artifact was recovered, so the dashboard must not represent these as independently artifact-validated estimates."
OLS,bulk_share,-3.846798,0.000,in_sample,maritime_transport_expenditure_per_ton,defended_thesis_reported,reported_not_recovered_from_model_artifact,"Values reproduce the final defended thesis table. OLS and GLM displayed coefficients are identical in that table; no original current-specification fitted coefficient artifact was recovered, so the dashboard must not represent these as independently artifact-validated estimates."
OLS,ln_bdi_x_bulk,0.171482,,in_sample,maritime_transport_expenditure_per_ton,defended_thesis_reported,reported_not_recovered_from_model_artifact,"Values reproduce the final defended thesis table. OLS and GLM displayed coefficients are identical in that table; no original current-specification fitted coefficient artifact was recovered, so the dashboard must not represent these as independently artifact-validated estimates."
OLS,ln_dist_x_bulk,0.069025,0.161,in_sample,maritime_transport_expenditure_per_ton,defended_thesis_reported,reported_not_recovered_from_model_artifact,"Values reproduce the final defended thesis table. OLS and GLM displayed coefficients are identical in that table; no original current-specification fitted coefficient artifact was recovered, so the dashboard must not represent these as independently artifact-validated estimates."
OLS,conn_x_bulk,0.307273,0.000,in_sample,maritime_transport_expenditure_per_ton,defended_thesis_reported,reported_not_recovered_from_model_artifact,"Values reproduce the final defended thesis table. OLS and GLM displayed coefficients are identical in that table; no original current-specification fitted coefficient artifact was recovered, so the dashboard must not represent these as independently artifact-validated estimates."
GLM,ln_dist,0.147368,0.000,in_sample,maritime_transport_expenditure_per_ton,defended_thesis_reported,reported_not_recovered_from_model_artifact,"Values reproduce the final defended thesis table. OLS and GLM displayed coefficients are identical in that table; no original current-specification fitted coefficient artifact was recovered, so the dashboard must not represent these as independently artifact-validated estimates."
GLM,conn_ij,-0.143170,1.000,in_sample,maritime_transport_expenditure_per_ton,defended_thesis_reported,reported_not_recovered_from_model_artifact,"Values reproduce the final defended thesis table. OLS and GLM displayed coefficients are identical in that table; no original current-specification fitted coefficient artifact was recovered, so the dashboard must not represent these as independently artifact-validated estimates."
GLM,comp_ij,-0.143170,1.000,in_sample,maritime_transport_expenditure_per_ton,defended_thesis_reported,reported_not_recovered_from_model_artifact,"Values reproduce the final defended thesis table. OLS and GLM displayed coefficients are identical in that table; no original current-specification fitted coefficient artifact was recovered, so the dashboard must not represent these as independently artifact-validated estimates."
GLM,ln_gdp_o,-0.000569,0.881,in_sample,maritime_transport_expenditure_per_ton,defended_thesis_reported,reported_not_recovered_from_model_artifact,"Values reproduce the final defended thesis table. OLS and GLM displayed coefficients are identical in that table; no original current-specification fitted coefficient artifact was recovered, so the dashboard must not represent these as independently artifact-validated estimates."
GLM,ln_gdp_d,0.021149,0.000,in_sample,maritime_transport_expenditure_per_ton,defended_thesis_reported,reported_not_recovered_from_model_artifact,"Values reproduce the final defended thesis table. OLS and GLM displayed coefficients are identical in that table; no original current-specification fitted coefficient artifact was recovered, so the dashboard must not represent these as independently artifact-validated estimates."
GLM,ln_fbx,0.245669,0.000,in_sample,maritime_transport_expenditure_per_ton,defended_thesis_reported,reported_not_recovered_from_model_artifact,"Values reproduce the final defended thesis table. OLS and GLM displayed coefficients are identical in that table; no original current-specification fitted coefficient artifact was recovered, so the dashboard must not represent these as independently artifact-validated estimates."
GLM,bulk_share,-3.846798,0.000,in_sample,maritime_transport_expenditure_per_ton,defended_thesis_reported,reported_not_recovered_from_model_artifact,"Values reproduce the final defended thesis table. OLS and GLM displayed coefficients are identical in that table; no original current-specification fitted coefficient artifact was recovered, so the dashboard must not represent these as independently artifact-validated estimates."
GLM,ln_bdi_x_bulk,0.171482,,in_sample,maritime_transport_expenditure_per_ton,defended_thesis_reported,reported_not_recovered_from_model_artifact,"Values reproduce the final defended thesis table. OLS and GLM displayed coefficients are identical in that table; no original current-specification fitted coefficient artifact was recovered, so the dashboard must not represent these as independently artifact-validated estimates."
GLM,ln_dist_x_bulk,0.069025,0.161,in_sample,maritime_transport_expenditure_per_ton,defended_thesis_reported,reported_not_recovered_from_model_artifact,"Values reproduce the final defended thesis table. OLS and GLM displayed coefficients are identical in that table; no original current-specification fitted coefficient artifact was recovered, so the dashboard must not represent these as independently artifact-validated estimates."
GLM,conn_x_bulk,0.307273,0.000,in_sample,maritime_transport_expenditure_per_ton,defended_thesis_reported,reported_not_recovered_from_model_artifact,"Values reproduce the final defended thesis table. OLS and GLM displayed coefficients are identical in that table; no original current-specification fitted coefficient artifact was recovered, so the dashboard must not represent these as independently artifact-validated estimates."
